top_k,explained_variance
3,0.9826778173446655
5,0.9931146502494812
8,0.9984363913536072
10,0.9991392493247986
15,0.9998005032539368
20,0.9999379515647888
25,0.9999814629554749
31,0.9999998807907104
