mc_count,mse,l1,diff_l1,psnr,sam
20,0.0002532966289436445,0.00757338625844568,0.0008387086592847482,36.16295185089111,0.0820570070296526
