angle_deg,mse,l1,diff_l1,psnr,sam,T_mean,T_min,T_peak_median,tor_percent
0.0,0.00015349341265391558,0.005512238945811987,0.000780263333581388,38.139102935791016,0.06552477180957794,0.6891209483146667,0.43404942750930786,0.988470196723938,1.9968383312225342
0.5,0.00015347114822361618,0.005511712282896042,0.0007802292238920927,38.139732360839844,0.06551679968833923,0.6891193985939026,0.4340466856956482,0.9884784817695618,1.996915578842163
2.0,0.00015318059013225138,0.005505085457116365,0.000779809313826263,38.1479606628418,0.0654149204492569,0.6890938878059387,0.4340095520019531,0.9885662794113159,1.9979615211486816
5.0,0.00015286082634702325,0.005508747883141041,0.000780394475441426,38.157039642333984,0.06542932987213135,0.6889504790306091,0.4339238405227661,0.9879422783851624,1.9940425157546997
8.0,0.00015787903976161033,0.005677014123648405,0.00079290138091892,38.016754150390625,0.06772757321596146,0.6886799335479736,0.4339969754219055,0.9875731468200684,1.9900821447372437
10.0,0.0001688061311142519,0.005992583464831114,0.0008154670940712094,37.72611999511719,0.07198049873113632,0.6884244084358215,0.4338916540145874,0.9882994294166565,1.9816581010818481
